"filename", "language", "Dart", "CMake", "C++", "YAML", "Markdown", "Ruby", "Swift", "JSON", "XML", "Groovy", "Properties", "HTML", "comment", "blank", "total"
"/Users/ahmedelhawary/Documents/side_projects/flutter_projects/projects/algorithm-visualizer/.github/workflows/script.yml", "YAML", 0, 0, 0, 24, 0, 0, 0, 0, 0, 0, 0, 0, 0, 7, 31
"/Users/ahmedelhawary/Documents/side_projects/flutter_projects/projects/algorithm-visualizer/README.md", "Markdown", 0, 0, 0, 0, 53, 0, 0, 0, 0, 0, 0, 0, 0, 10, 63
"/Users/ahmedelhawary/Documents/side_projects/flutter_projects/projects/algorithm-visualizer/analysis_options.yaml", "YAML", 0, 0, 0, 3, 0, 0, 0, 0, 0, 0, 0, 0, 22, 4, 29
"/Users/ahmedelhawary/Documents/side_projects/flutter_projects/projects/algorithm-visualizer/android/app/build.gradle", "Groovy", 0, 0, 0, 0, 0, 0, 0, 0, 0, 44, 0, 0, 6, 9, 59
"/Users/ahmedelhawary/Documents/side_projects/flutter_projects/projects/algorithm-visualizer/android/app/src/debug/AndroidManifest.xml", "XML", 0, 0, 0, 0, 0, 0, 0, 0, 3, 0, 0, 0, 4, 1, 8
"/Users/ahmedelhawary/Documents/side_projects/flutter_projects/projects/algorithm-visualizer/android/app/src/main/AndroidManifest.xml", "XML", 0, 0, 0, 0, 0, 0, 0, 0, 34, 0, 0, 0, 11, 1, 46
"/Users/ahmedelhawary/Documents/side_projects/flutter_projects/projects/algorithm-visualizer/android/app/src/main/res/drawable-v21/launch_background.xml", "XML", 0, 0, 0, 0, 0, 0, 0, 0, 4, 0, 0, 0, 7, 2, 13
"/Users/ahmedelhawary/Documents/side_projects/flutter_projects/projects/algorithm-visualizer/android/app/src/main/res/drawable/launch_background.xml", "XML", 0, 0, 0, 0, 0, 0, 0, 0, 4, 0, 0, 0, 7, 2, 13
"/Users/ahmedelhawary/Documents/side_projects/flutter_projects/projects/algorithm-visualizer/android/app/src/main/res/values-night/styles.xml", "XML", 0, 0, 0, 0, 0, 0, 0, 0, 9, 0, 0, 0, 9, 1, 19
"/Users/ahmedelhawary/Documents/side_projects/flutter_projects/projects/algorithm-visualizer/android/app/src/main/res/values/styles.xml", "XML", 0, 0, 0, 0, 0, 0, 0, 0, 9, 0, 0, 0, 9, 1, 19
"/Users/ahmedelhawary/Documents/side_projects/flutter_projects/projects/algorithm-visualizer/android/app/src/profile/AndroidManifest.xml", "XML", 0, 0, 0, 0, 0, 0, 0, 0, 3, 0, 0, 0, 4, 1, 8
"/Users/ahmedelhawary/Documents/side_projects/flutter_projects/projects/algorithm-visualizer/android/build.gradle", "Groovy", 0, 0, 0, 0, 0, 0, 0, 0, 0, 16, 0, 0, 0, 3, 19
"/Users/ahmedelhawary/Documents/side_projects/flutter_projects/projects/algorithm-visualizer/android/gradle.properties", "Properties", 0, 0, 0, 0, 0, 0, 0, 0, 0, 0, 3, 0, 0, 1, 4
"/Users/ahmedelhawary/Documents/side_projects/flutter_projects/projects/algorithm-visualizer/android/gradle/wrapper/gradle-wrapper.properties", "Properties", 0, 0, 0, 0, 0, 0, 0, 0, 0, 0, 5, 0, 0, 1, 6
"/Users/ahmedelhawary/Documents/side_projects/flutter_projects/projects/algorithm-visualizer/android/settings.gradle", "Groovy", 0, 0, 0, 0, 0, 0, 0, 0, 0, 21, 0, 0, 0, 5, 26
"/Users/ahmedelhawary/Documents/side_projects/flutter_projects/projects/algorithm-visualizer/ios/Podfile", "Ruby", 0, 0, 0, 0, 0, 32, 0, 0, 0, 0, 0, 0, 3, 10, 45
"/Users/ahmedelhawary/Documents/side_projects/flutter_projects/projects/algorithm-visualizer/ios/Runner/AppDelegate.swift", "Swift", 0, 0, 0, 0, 0, 0, 12, 0, 0, 0, 0, 0, 0, 2, 14
"/Users/ahmedelhawary/Documents/side_projects/flutter_projects/projects/algorithm-visualizer/ios/Runner/Assets.xcassets/AppIcon.appiconset/Contents.json", "JSON", 0, 0, 0, 0, 0, 0, 0, 122, 0, 0, 0, 0, 0, 1, 123
"/Users/ahmedelhawary/Documents/side_projects/flutter_projects/projects/algorithm-visualizer/ios/Runner/Assets.xcassets/LaunchImage.imageset/Contents.json", "JSON", 0, 0, 0, 0, 0, 0, 0, 23, 0, 0, 0, 0, 0, 1, 24
"/Users/ahmedelhawary/Documents/side_projects/flutter_projects/projects/algorithm-visualizer/ios/Runner/Assets.xcassets/LaunchImage.imageset/README.md", "Markdown", 0, 0, 0, 0, 3, 0, 0, 0, 0, 0, 0, 0, 0, 2, 5
"/Users/ahmedelhawary/Documents/side_projects/flutter_projects/projects/algorithm-visualizer/ios/Runner/Base.lproj/LaunchScreen.storyboard", "XML", 0, 0, 0, 0, 0, 0, 0, 0, 36, 0, 0, 0, 1, 1, 38
"/Users/ahmedelhawary/Documents/side_projects/flutter_projects/projects/algorithm-visualizer/ios/Runner/Base.lproj/Main.storyboard", "XML", 0, 0, 0, 0, 0, 0, 0, 0, 25, 0, 0, 0, 1, 1, 27
"/Users/ahmedelhawary/Documents/side_projects/flutter_projects/projects/algorithm-visualizer/ios/Runner/Runner-Bridging-Header.h", "C++", 0, 0, 1, 0, 0, 0, 0, 0, 0, 0, 0, 0, 0, 1, 2
"/Users/ahmedelhawary/Documents/side_projects/flutter_projects/projects/algorithm-visualizer/ios/RunnerTests/RunnerTests.swift", "Swift", 0, 0, 0, 0, 0, 0, 7, 0, 0, 0, 0, 0, 2, 4, 13
"/Users/ahmedelhawary/Documents/side_projects/flutter_projects/projects/algorithm-visualizer/lib/config/routes/route_app.dart", "Dart", 125, 0, 0, 0, 0, 0, 0, 0, 0, 0, 0, 0, 1, 9, 135
"/Users/ahmedelhawary/Documents/side_projects/flutter_projects/projects/algorithm-visualizer/lib/config/themes/app_theme.dart", "Dart", 239, 0, 0, 0, 0, 0, 0, 0, 0, 0, 0, 0, 2, 14, 255
"/Users/ahmedelhawary/Documents/side_projects/flutter_projects/projects/algorithm-visualizer/lib/core/draggable_progress.dart", "Dart", 42, 0, 0, 0, 0, 0, 0, 0, 0, 0, 0, 0, 0, 4, 46
"/Users/ahmedelhawary/Documents/side_projects/flutter_projects/projects/algorithm-visualizer/lib/core/enums/app_settings_enum.dart", "Dart", 1, 0, 0, 0, 0, 0, 0, 0, 0, 0, 0, 0, 0, 2, 3
"/Users/ahmedelhawary/Documents/side_projects/flutter_projects/projects/algorithm-visualizer/lib/core/extensions/language.dart", "Dart", 20, 0, 0, 0, 0, 0, 0, 0, 0, 0, 0, 0, 0, 5, 25
"/Users/ahmedelhawary/Documents/side_projects/flutter_projects/projects/algorithm-visualizer/lib/core/extensions/navigators.dart", "Dart", 126, 0, 0, 0, 0, 0, 0, 0, 0, 0, 0, 0, 3, 16, 145
"/Users/ahmedelhawary/Documents/side_projects/flutter_projects/projects/algorithm-visualizer/lib/core/helpers/app_bar/app_bar.dart", "Dart", 127, 0, 0, 0, 0, 0, 0, 0, 0, 0, 0, 0, 2, 13, 142
"/Users/ahmedelhawary/Documents/side_projects/flutter_projects/projects/algorithm-visualizer/lib/core/helpers/app_bar/back_button.dart", "Dart", 21, 0, 0, 0, 0, 0, 0, 0, 0, 0, 0, 0, 0, 6, 27
"/Users/ahmedelhawary/Documents/side_projects/flutter_projects/projects/algorithm-visualizer/lib/core/helpers/current_device.dart", "Dart", 7, 0, 0, 0, 0, 0, 0, 0, 0, 0, 0, 0, 0, 2, 9
"/Users/ahmedelhawary/Documents/side_projects/flutter_projects/projects/algorithm-visualizer/lib/core/helpers/custom_alert_dialog.dart", "Dart", 123, 0, 0, 0, 0, 0, 0, 0, 0, 0, 0, 0, 0, 8, 131
"/Users/ahmedelhawary/Documents/side_projects/flutter_projects/projects/algorithm-visualizer/lib/core/helpers/random_int.dart", "Dart", 9, 0, 0, 0, 0, 0, 0, 0, 0, 0, 0, 0, 0, 4, 13
"/Users/ahmedelhawary/Documents/side_projects/flutter_projects/projects/algorithm-visualizer/lib/core/helpers/random_text.dart", "Dart", 13, 0, 0, 0, 0, 0, 0, 0, 0, 0, 0, 0, 0, 7, 20
"/Users/ahmedelhawary/Documents/side_projects/flutter_projects/projects/algorithm-visualizer/lib/core/helpers/screen_size.dart", "Dart", 7, 0, 0, 0, 0, 0, 0, 0, 0, 0, 0, 0, 0, 2, 9
"/Users/ahmedelhawary/Documents/side_projects/flutter_projects/projects/algorithm-visualizer/lib/core/helpers/storage/app_settings/app_settings_cubit.dart", "Dart", 62, 0, 0, 0, 0, 0, 0, 0, 0, 0, 0, 0, 10, 21, 93
"/Users/ahmedelhawary/Documents/side_projects/flutter_projects/projects/algorithm-visualizer/lib/core/helpers/storage/app_settings/app_settings_state.dart", "Dart", 18, 0, 0, 0, 0, 0, 0, 0, 0, 0, 0, 0, 0, 5, 23
"/Users/ahmedelhawary/Documents/side_projects/flutter_projects/projects/algorithm-visualizer/lib/core/helpers/svg_picture.dart", "Dart", 31, 0, 0, 0, 0, 0, 0, 0, 0, 0, 0, 0, 0, 3, 34
"/Users/ahmedelhawary/Documents/side_projects/flutter_projects/projects/algorithm-visualizer/lib/core/helpers/system_overlay_style.dart", "Dart", 51, 0, 0, 0, 0, 0, 0, 0, 0, 0, 0, 0, 0, 6, 57
"/Users/ahmedelhawary/Documents/side_projects/flutter_projects/projects/algorithm-visualizer/lib/core/material_app/my_app.dart", "Dart", 74, 0, 0, 0, 0, 0, 0, 0, 0, 0, 0, 0, 5, 9, 88
"/Users/ahmedelhawary/Documents/side_projects/flutter_projects/projects/algorithm-visualizer/lib/core/resources/color_manager.dart", "Dart", 79, 0, 0, 0, 0, 0, 0, 0, 0, 0, 0, 0, 23, 8, 110
"/Users/ahmedelhawary/Documents/side_projects/flutter_projects/projects/algorithm-visualizer/lib/core/resources/font_manager.dart", "Dart", 26, 0, 0, 0, 0, 0, 0, 0, 0, 0, 0, 0, 11, 4, 41
"/Users/ahmedelhawary/Documents/side_projects/flutter_projects/projects/algorithm-visualizer/lib/core/resources/strings_manager.dart", "Dart", 41, 0, 0, 0, 0, 0, 0, 0, 0, 0, 0, 0, 2, 5, 48
"/Users/ahmedelhawary/Documents/side_projects/flutter_projects/projects/algorithm-visualizer/lib/core/resources/styles_manager.dart", "Dart", 77, 0, 0, 0, 0, 0, 0, 0, 0, 0, 0, 0, 0, 7, 84
"/Users/ahmedelhawary/Documents/side_projects/flutter_projects/projects/algorithm-visualizer/lib/core/resources/theme_manager.dart", "Dart", 86, 0, 0, 0, 0, 0, 0, 0, 0, 0, 0, 0, 2, 10, 98
"/Users/ahmedelhawary/Documents/side_projects/flutter_projects/projects/algorithm-visualizer/lib/core/widgets/adapt_widget_size.dart", "Dart", 18, 0, 0, 0, 0, 0, 0, 0, 0, 0, 0, 0, 0, 4, 22
"/Users/ahmedelhawary/Documents/side_projects/flutter_projects/projects/algorithm-visualizer/lib/core/widgets/adaptive/padding/adaptive_padding.dart", "Dart", 20, 0, 0, 0, 0, 0, 0, 0, 0, 0, 0, 0, 0, 2, 22
"/Users/ahmedelhawary/Documents/side_projects/flutter_projects/projects/algorithm-visualizer/lib/core/widgets/adaptive/padding/all_padding.dart", "Dart", 11, 0, 0, 0, 0, 0, 0, 0, 0, 0, 0, 0, 0, 2, 13
"/Users/ahmedelhawary/Documents/side_projects/flutter_projects/projects/algorithm-visualizer/lib/core/widgets/adaptive/padding/bottom_padding.dart", "Dart", 11, 0, 0, 0, 0, 0, 0, 0, 0, 0, 0, 0, 0, 3, 14
"/Users/ahmedelhawary/Documents/side_projects/flutter_projects/projects/algorithm-visualizer/lib/core/widgets/adaptive/padding/end_padding.dart", "Dart", 11, 0, 0, 0, 0, 0, 0, 0, 0, 0, 0, 0, 0, 2, 13
"/Users/ahmedelhawary/Documents/side_projects/flutter_projects/projects/algorithm-visualizer/lib/core/widgets/adaptive/padding/horizontal_padding.dart", "Dart", 12, 0, 0, 0, 0, 0, 0, 0, 0, 0, 0, 0, 0, 2, 14
"/Users/ahmedelhawary/Documents/side_projects/flutter_projects/projects/algorithm-visualizer/lib/core/widgets/adaptive/padding/only_padding.dart", "Dart", 28, 0, 0, 0, 0, 0, 0, 0, 0, 0, 0, 0, 0, 3, 31
"/Users/ahmedelhawary/Documents/side_projects/flutter_projects/projects/algorithm-visualizer/lib/core/widgets/adaptive/padding/start_padding.dart", "Dart", 12, 0, 0, 0, 0, 0, 0, 0, 0, 0, 0, 0, 0, 1, 13
"/Users/ahmedelhawary/Documents/side_projects/flutter_projects/projects/algorithm-visualizer/lib/core/widgets/adaptive/padding/symmetric_padding.dart", "Dart", 17, 0, 0, 0, 0, 0, 0, 0, 0, 0, 0, 0, 0, 2, 19
"/Users/ahmedelhawary/Documents/side_projects/flutter_projects/projects/algorithm-visualizer/lib/core/widgets/adaptive/padding/top_padding.dart", "Dart", 12, 0, 0, 0, 0, 0, 0, 0, 0, 0, 0, 0, 0, 1, 13
"/Users/ahmedelhawary/Documents/side_projects/flutter_projects/projects/algorithm-visualizer/lib/core/widgets/adaptive/padding/vertical_padding.dart", "Dart", 12, 0, 0, 0, 0, 0, 0, 0, 0, 0, 0, 0, 0, 2, 14
"/Users/ahmedelhawary/Documents/side_projects/flutter_projects/projects/algorithm-visualizer/lib/core/widgets/adaptive/text/adaptive_text.dart", "Dart", 91, 0, 0, 0, 0, 0, 0, 0, 0, 0, 0, 0, 5, 13, 109
"/Users/ahmedelhawary/Documents/side_projects/flutter_projects/projects/algorithm-visualizer/lib/core/widgets/adaptive/text/bold_text.dart", "Dart", 15, 0, 0, 0, 0, 0, 0, 0, 0, 0, 0, 0, 0, 2, 17
"/Users/ahmedelhawary/Documents/side_projects/flutter_projects/projects/algorithm-visualizer/lib/core/widgets/adaptive/text/light_text.dart", "Dart", 14, 0, 0, 0, 0, 0, 0, 0, 0, 0, 0, 0, 0, 2, 16
"/Users/ahmedelhawary/Documents/side_projects/flutter_projects/projects/algorithm-visualizer/lib/core/widgets/adaptive/text/medium_text.dart", "Dart", 16, 0, 0, 0, 0, 0, 0, 0, 0, 0, 0, 0, 0, 2, 18
"/Users/ahmedelhawary/Documents/side_projects/flutter_projects/projects/algorithm-visualizer/lib/core/widgets/adaptive/text/regular_text.dart", "Dart", 14, 0, 0, 0, 0, 0, 0, 0, 0, 0, 0, 0, 0, 2, 16
"/Users/ahmedelhawary/Documents/side_projects/flutter_projects/projects/algorithm-visualizer/lib/core/widgets/adaptive/text/semi_bold_text.dart", "Dart", 15, 0, 0, 0, 0, 0, 0, 0, 0, 0, 0, 0, 0, 2, 17
"/Users/ahmedelhawary/Documents/side_projects/flutter_projects/projects/algorithm-visualizer/lib/core/widgets/custom_widgets/check_box.dart", "Dart", 51, 0, 0, 0, 0, 0, 0, 0, 0, 0, 0, 0, 0, 2, 53
"/Users/ahmedelhawary/Documents/side_projects/flutter_projects/projects/algorithm-visualizer/lib/core/widgets/custom_widgets/custom_bottom_sheet.dart", "Dart", 197, 0, 0, 0, 0, 0, 0, 0, 0, 0, 0, 0, 0, 8, 205
"/Users/ahmedelhawary/Documents/side_projects/flutter_projects/projects/algorithm-visualizer/lib/core/widgets/custom_widgets/custom_circulars_progress.dart", "Dart", 215, 0, 0, 0, 0, 0, 0, 0, 0, 0, 0, 0, 0, 24, 239
"/Users/ahmedelhawary/Documents/side_projects/flutter_projects/projects/algorithm-visualizer/lib/core/widgets/custom_widgets/custom_dialog.dart", "Dart", 91, 0, 0, 0, 0, 0, 0, 0, 0, 0, 0, 0, 0, 6, 97
"/Users/ahmedelhawary/Documents/side_projects/flutter_projects/projects/algorithm-visualizer/lib/core/widgets/custom_widgets/custom_divider.dart", "Dart", 29, 0, 0, 0, 0, 0, 0, 0, 0, 0, 0, 0, 0, 4, 33
"/Users/ahmedelhawary/Documents/side_projects/flutter_projects/projects/algorithm-visualizer/lib/core/widgets/custom_widgets/custom_icon.dart", "Dart", 25, 0, 0, 0, 0, 0, 0, 0, 0, 0, 0, 0, 0, 2, 27
"/Users/ahmedelhawary/Documents/side_projects/flutter_projects/projects/algorithm-visualizer/lib/core/widgets/custom_widgets/custom_rounded_elevated_button.dart", "Dart", 45, 0, 0, 0, 0, 0, 0, 0, 0, 0, 0, 0, 0, 4, 49
"/Users/ahmedelhawary/Documents/side_projects/flutter_projects/projects/algorithm-visualizer/lib/core/widgets/custom_widgets/custom_switch.dart", "Dart", 35, 0, 0, 0, 0, 0, 0, 0, 0, 0, 0, 0, 2, 4, 41
"/Users/ahmedelhawary/Documents/side_projects/flutter_projects/projects/algorithm-visualizer/lib/core/widgets/custom_widgets/error_screen.dart", "Dart", 26, 0, 0, 0, 0, 0, 0, 0, 0, 0, 0, 0, 0, 2, 28
"/Users/ahmedelhawary/Documents/side_projects/flutter_projects/projects/algorithm-visualizer/lib/core/widgets/custom_widgets/hero_widget.dart", "Dart", 15, 0, 0, 0, 0, 0, 0, 0, 0, 0, 0, 0, 0, 3, 18
"/Users/ahmedelhawary/Documents/side_projects/flutter_projects/projects/algorithm-visualizer/lib/core/widgets/custom_widgets/keyboard_detected.dart", "Dart", 47, 0, 0, 0, 0, 0, 0, 0, 0, 0, 0, 0, 0, 9, 56
"/Users/ahmedelhawary/Documents/side_projects/flutter_projects/projects/algorithm-visualizer/lib/core/widgets/custom_widgets/rounded_outlined_button.dart", "Dart", 44, 0, 0, 0, 0, 0, 0, 0, 0, 0, 0, 0, 0, 4, 48
"/Users/ahmedelhawary/Documents/side_projects/flutter_projects/projects/algorithm-visualizer/lib/core/widgets/custom_widgets/scale_transition.dart", "Dart", 34, 0, 0, 0, 0, 0, 0, 0, 0, 0, 0, 0, 0, 6, 40
"/Users/ahmedelhawary/Documents/side_projects/flutter_projects/projects/algorithm-visualizer/lib/core/widgets/custom_widgets/vertical_animation_hero_page.dart", "Dart", 39, 0, 0, 0, 0, 0, 0, 0, 0, 0, 0, 0, 0, 4, 43
"/Users/ahmedelhawary/Documents/side_projects/flutter_projects/projects/algorithm-visualizer/lib/features/base/view/base_page.dart", "Dart", 52, 0, 0, 0, 0, 0, 0, 0, 0, 0, 0, 0, 0, 5, 57
"/Users/ahmedelhawary/Documents/side_projects/flutter_projects/projects/algorithm-visualizer/lib/features/searching/view/grid_page.dart", "Dart", 290, 0, 0, 0, 0, 0, 0, 0, 0, 0, 0, 0, 0, 35, 325
"/Users/ahmedelhawary/Documents/side_projects/flutter_projects/projects/algorithm-visualizer/lib/features/searching/view_model/grid_notifier.dart", "Dart", 384, 0, 0, 0, 0, 0, 0, 0, 0, 0, 0, 0, 18, 109, 511
"/Users/ahmedelhawary/Documents/side_projects/flutter_projects/projects/algorithm-visualizer/lib/features/searching/view_model/grid_notifier_state.dart", "Dart", 50, 0, 0, 0, 0, 0, 0, 0, 0, 0, 0, 0, 1, 7, 58
"/Users/ahmedelhawary/Documents/side_projects/flutter_projects/projects/algorithm-visualizer/lib/features/searching/widgets/searcher_grid.dart", "Dart", 79, 0, 0, 0, 0, 0, 0, 0, 0, 0, 0, 0, 3, 14, 96
"/Users/ahmedelhawary/Documents/side_projects/flutter_projects/projects/algorithm-visualizer/lib/features/sorting/base/helper/sortable_item.dart", "Dart", 45, 0, 0, 0, 0, 0, 0, 0, 0, 0, 0, 0, 1, 8, 54
"/Users/ahmedelhawary/Documents/side_projects/flutter_projects/projects/algorithm-visualizer/lib/features/sorting/base/helper/sorting_enums.dart", "Dart", 9, 0, 0, 0, 0, 0, 0, 0, 0, 0, 0, 0, 6, 4, 19
"/Users/ahmedelhawary/Documents/side_projects/flutter_projects/projects/algorithm-visualizer/lib/features/sorting/base/view/sorting_list_page.dart", "Dart", 60, 0, 0, 0, 0, 0, 0, 0, 0, 0, 0, 0, 0, 3, 63
"/Users/ahmedelhawary/Documents/side_projects/flutter_projects/projects/algorithm-visualizer/lib/features/sorting/base/view/sorting_page.dart", "Dart", 205, 0, 0, 0, 0, 0, 0, 0, 0, 0, 0, 0, 1, 19, 225
"/Users/ahmedelhawary/Documents/side_projects/flutter_projects/projects/algorithm-visualizer/lib/features/sorting/base/view_model/sorting_notifier.dart", "Dart", 143, 0, 0, 0, 0, 0, 0, 0, 0, 0, 0, 0, 4, 48, 195
"/Users/ahmedelhawary/Documents/side_projects/flutter_projects/projects/algorithm-visualizer/lib/features/sorting/base/view_model/sorting_state.dart", "Dart", 31, 0, 0, 0, 0, 0, 0, 0, 0, 0, 0, 0, 0, 3, 34
"/Users/ahmedelhawary/Documents/side_projects/flutter_projects/projects/algorithm-visualizer/lib/features/sorting/base/widgets/control_buttons.dart", "Dart", 47, 0, 0, 0, 0, 0, 0, 0, 0, 0, 0, 0, 0, 3, 50
"/Users/ahmedelhawary/Documents/side_projects/flutter_projects/projects/algorithm-visualizer/lib/features/sorting/base/widgets/sorting_app_bar.dart", "Dart", 1, 0, 0, 0, 0, 0, 0, 0, 0, 0, 0, 0, 43, 1, 45
"/Users/ahmedelhawary/Documents/side_projects/flutter_projects/projects/algorithm-visualizer/lib/features/sorting/bubble/view/bubble_sort_page.dart", "Dart", 25, 0, 0, 0, 0, 0, 0, 0, 0, 0, 0, 0, 0, 6, 31
"/Users/ahmedelhawary/Documents/side_projects/flutter_projects/projects/algorithm-visualizer/lib/features/sorting/bubble/view_model/bubble_sort_notifier.dart", "Dart", 25, 0, 0, 0, 0, 0, 0, 0, 0, 0, 0, 0, 0, 10, 35
"/Users/ahmedelhawary/Documents/side_projects/flutter_projects/projects/algorithm-visualizer/lib/features/sorting/insertion/view/insertion_sort_page.dart", "Dart", 25, 0, 0, 0, 0, 0, 0, 0, 0, 0, 0, 0, 0, 6, 31
"/Users/ahmedelhawary/Documents/side_projects/flutter_projects/projects/algorithm-visualizer/lib/features/sorting/insertion/view_model/insertion_sort_notifier.dart", "Dart", 22, 0, 0, 0, 0, 0, 0, 0, 0, 0, 0, 0, 0, 7, 29
"/Users/ahmedelhawary/Documents/side_projects/flutter_projects/projects/algorithm-visualizer/lib/features/sorting/merge/view/merge_sort_page.dart", "Dart", 25, 0, 0, 0, 0, 0, 0, 0, 0, 0, 0, 0, 0, 6, 31
"/Users/ahmedelhawary/Documents/side_projects/flutter_projects/projects/algorithm-visualizer/lib/features/sorting/merge/view_model/merge_sort_notifier.dart", "Dart", 7, 0, 0, 0, 0, 0, 0, 0, 0, 0, 0, 0, 1, 2, 10
"/Users/ahmedelhawary/Documents/side_projects/flutter_projects/projects/algorithm-visualizer/lib/features/sorting/selection/view/selection_sort_page.dart", "Dart", 25, 0, 0, 0, 0, 0, 0, 0, 0, 0, 0, 0, 0, 6, 31
"/Users/ahmedelhawary/Documents/side_projects/flutter_projects/projects/algorithm-visualizer/lib/features/sorting/selection/view_model/selection_sort_notifier.dart", "Dart", 31, 0, 0, 0, 0, 0, 0, 0, 0, 0, 0, 0, 1, 11, 43
"/Users/ahmedelhawary/Documents/side_projects/flutter_projects/projects/algorithm-visualizer/lib/main.dart", "Dart", 6, 0, 0, 0, 0, 0, 0, 0, 0, 0, 0, 0, 0, 2, 8
"/Users/ahmedelhawary/Documents/side_projects/flutter_projects/projects/algorithm-visualizer/linux/CMakeLists.txt", "CMake", 0, 118, 0, 0, 0, 0, 0, 0, 0, 0, 0, 0, 0, 28, 146
"/Users/ahmedelhawary/Documents/side_projects/flutter_projects/projects/algorithm-visualizer/linux/flutter/CMakeLists.txt", "CMake", 0, 79, 0, 0, 0, 0, 0, 0, 0, 0, 0, 0, 0, 10, 89
"/Users/ahmedelhawary/Documents/side_projects/flutter_projects/projects/algorithm-visualizer/linux/flutter/generated_plugin_registrant.cc", "C++", 0, 0, 3, 0, 0, 0, 0, 0, 0, 0, 0, 0, 4, 5, 12
"/Users/ahmedelhawary/Documents/side_projects/flutter_projects/projects/algorithm-visualizer/linux/flutter/generated_plugin_registrant.h", "C++", 0, 0, 5, 0, 0, 0, 0, 0, 0, 0, 0, 0, 5, 6, 16
"/Users/ahmedelhawary/Documents/side_projects/flutter_projects/projects/algorithm-visualizer/linux/flutter/generated_plugins.cmake", "CMake", 0, 18, 0, 0, 0, 0, 0, 0, 0, 0, 0, 0, 0, 6, 24
"/Users/ahmedelhawary/Documents/side_projects/flutter_projects/projects/algorithm-visualizer/linux/main.cc", "C++", 0, 0, 5, 0, 0, 0, 0, 0, 0, 0, 0, 0, 0, 2, 7
"/Users/ahmedelhawary/Documents/side_projects/flutter_projects/projects/algorithm-visualizer/linux/my_application.cc", "C++", 0, 0, 82, 0, 0, 0, 0, 0, 0, 0, 0, 0, 17, 26, 125
"/Users/ahmedelhawary/Documents/side_projects/flutter_projects/projects/algorithm-visualizer/linux/my_application.h", "C++", 0, 0, 7, 0, 0, 0, 0, 0, 0, 0, 0, 0, 7, 5, 19
"/Users/ahmedelhawary/Documents/side_projects/flutter_projects/projects/algorithm-visualizer/macos/Flutter/GeneratedPluginRegistrant.swift", "Swift", 0, 0, 0, 0, 0, 0, 6, 0, 0, 0, 0, 0, 3, 4, 13
"/Users/ahmedelhawary/Documents/side_projects/flutter_projects/projects/algorithm-visualizer/macos/Podfile", "Ruby", 0, 0, 0, 0, 0, 33, 0, 0, 0, 0, 0, 0, 1, 10, 44
"/Users/ahmedelhawary/Documents/side_projects/flutter_projects/projects/algorithm-visualizer/macos/Runner/AppDelegate.swift", "Swift", 0, 0, 0, 0, 0, 0, 8, 0, 0, 0, 0, 0, 0, 2, 10
"/Users/ahmedelhawary/Documents/side_projects/flutter_projects/projects/algorithm-visualizer/macos/Runner/Assets.xcassets/AppIcon.appiconset/Contents.json", "JSON", 0, 0, 0, 0, 0, 0, 0, 68, 0, 0, 0, 0, 0, 1, 69
"/Users/ahmedelhawary/Documents/side_projects/flutter_projects/projects/algorithm-visualizer/macos/Runner/Base.lproj/MainMenu.xib", "XML", 0, 0, 0, 0, 0, 0, 0, 0, 343, 0, 0, 0, 0, 1, 344
"/Users/ahmedelhawary/Documents/side_projects/flutter_projects/projects/algorithm-visualizer/macos/Runner/MainFlutterWindow.swift", "Swift", 0, 0, 0, 0, 0, 0, 12, 0, 0, 0, 0, 0, 0, 4, 16
"/Users/ahmedelhawary/Documents/side_projects/flutter_projects/projects/algorithm-visualizer/macos/RunnerTests/RunnerTests.swift", "Swift", 0, 0, 0, 0, 0, 0, 7, 0, 0, 0, 0, 0, 2, 4, 13
"/Users/ahmedelhawary/Documents/side_projects/flutter_projects/projects/algorithm-visualizer/pubspec.yaml", "YAML", 0, 0, 0, 26, 0, 0, 0, 0, 0, 0, 0, 0, 0, 11, 37
"/Users/ahmedelhawary/Documents/side_projects/flutter_projects/projects/algorithm-visualizer/test/widget_test.dart", "Dart", 0, 0, 0, 0, 0, 0, 0, 0, 0, 0, 0, 0, 30, 1, 31
"/Users/ahmedelhawary/Documents/side_projects/flutter_projects/projects/algorithm-visualizer/web/index.html", "HTML", 0, 0, 0, 0, 0, 0, 0, 0, 0, 0, 0, 19, 15, 5, 39
"/Users/ahmedelhawary/Documents/side_projects/flutter_projects/projects/algorithm-visualizer/web/manifest.json", "JSON", 0, 0, 0, 0, 0, 0, 0, 35, 0, 0, 0, 0, 0, 1, 36
"/Users/ahmedelhawary/Documents/side_projects/flutter_projects/projects/algorithm-visualizer/windows/CMakeLists.txt", "CMake", 0, 89, 0, 0, 0, 0, 0, 0, 0, 0, 0, 0, 0, 20, 109
"/Users/ahmedelhawary/Documents/side_projects/flutter_projects/projects/algorithm-visualizer/windows/flutter/CMakeLists.txt", "CMake", 0, 98, 0, 0, 0, 0, 0, 0, 0, 0, 0, 0, 0, 12, 110
"/Users/ahmedelhawary/Documents/side_projects/flutter_projects/projects/algorithm-visualizer/windows/flutter/generated_plugin_registrant.cc", "C++", 0, 0, 3, 0, 0, 0, 0, 0, 0, 0, 0, 0, 4, 5, 12
"/Users/ahmedelhawary/Documents/side_projects/flutter_projects/projects/algorithm-visualizer/windows/flutter/generated_plugin_registrant.h", "C++", 0, 0, 5, 0, 0, 0, 0, 0, 0, 0, 0, 0, 5, 6, 16
"/Users/ahmedelhawary/Documents/side_projects/flutter_projects/projects/algorithm-visualizer/windows/flutter/generated_plugins.cmake", "CMake", 0, 18, 0, 0, 0, 0, 0, 0, 0, 0, 0, 0, 0, 6, 24
"/Users/ahmedelhawary/Documents/side_projects/flutter_projects/projects/algorithm-visualizer/windows/runner/CMakeLists.txt", "CMake", 0, 34, 0, 0, 0, 0, 0, 0, 0, 0, 0, 0, 0, 7, 41
"/Users/ahmedelhawary/Documents/side_projects/flutter_projects/projects/algorithm-visualizer/windows/runner/flutter_window.cpp", "C++", 0, 0, 49, 0, 0, 0, 0, 0, 0, 0, 0, 0, 7, 16, 72
"/Users/ahmedelhawary/Documents/side_projects/flutter_projects/projects/algorithm-visualizer/windows/runner/flutter_window.h", "C++", 0, 0, 20, 0, 0, 0, 0, 0, 0, 0, 0, 0, 5, 9, 34
"/Users/ahmedelhawary/Documents/side_projects/flutter_projects/projects/algorithm-visualizer/windows/runner/main.cpp", "C++", 0, 0, 30, 0, 0, 0, 0, 0, 0, 0, 0, 0, 4, 10, 44
"/Users/ahmedelhawary/Documents/side_projects/flutter_projects/projects/algorithm-visualizer/windows/runner/resource.h", "C++", 0, 0, 9, 0, 0, 0, 0, 0, 0, 0, 0, 0, 6, 2, 17
"/Users/ahmedelhawary/Documents/side_projects/flutter_projects/projects/algorithm-visualizer/windows/runner/utils.cpp", "C++", 0, 0, 54, 0, 0, 0, 0, 0, 0, 0, 0, 0, 2, 10, 66
"/Users/ahmedelhawary/Documents/side_projects/flutter_projects/projects/algorithm-visualizer/windows/runner/utils.h", "C++", 0, 0, 8, 0, 0, 0, 0, 0, 0, 0, 0, 0, 6, 6, 20
"/Users/ahmedelhawary/Documents/side_projects/flutter_projects/projects/algorithm-visualizer/windows/runner/win32_window.cpp", "C++", 0, 0, 210, 0, 0, 0, 0, 0, 0, 0, 0, 0, 24, 55, 289
"/Users/ahmedelhawary/Documents/side_projects/flutter_projects/projects/algorithm-visualizer/windows/runner/win32_window.h", "C++", 0, 0, 48, 0, 0, 0, 0, 0, 0, 0, 0, 0, 31, 24, 103
"Total", "-", 4214, 454, 539, 53, 56, 65, 52, 248, 470, 81, 8, 19, 411, 1006, 7676